year,month,total_revenue
2025,1,1.18358E7
2025,2,7613100.0
2025,3,1.06435E7
2025,4,7.38306E7
2025,5,1.240467E8
2025,6,1.209073E8
2025,7,1.176171E8
2025,8,1.285949E8
2025,9,1.251558E8
2025,10,1.241063E8
2025,11,1.143098E8
2025,12,1.12015E8
2026,1,1.114733E8
2026,2,1.14129E8
2026,3,1.094493E8
2026,4,4.9515E7
2026,5,3539500.0
2026,6,8686300.0
2026,7,8945100.0
2026,8,5369100.0
2026,9,3441000.0
2026,10,5716000.0
2026,11,4773000.0
2026,12,5700100.0
