product_name,units_sold,revenue
LAPTOP,2407,6.0175E8
SOFA,2412,1.9296E8
PHONE,2353,1.6471E8
REFRIGERATOR,2325,1.51125E8
DINING TABLE,2424,1.212E8
MICROWAVE,2395,1.07775E8
TV,2322,1.0449E8
MIXER GRINDER,2356,3.534E7
SHOES,2400,1.92E7
SHIRT,2202,2862600.0
